431814578661,departmenttest@mailinator.com
538270320091,bedlamstest@mailinator.com
892841400343,tractortest@mailinator.com
501630520771,yestest@mailinator.com
473313731958,letterheadtest@mailinator.com
867261060392,jackstest@mailinator.com
322567215964,clutterstest@mailinator.com
865761129471,croakedtest@mailinator.com
290900813140,cloutedtest@mailinator.com
491685116786,satirestest@mailinator.com
156382730412,snoopstest@mailinator.com
179879318966,paddockstest@mailinator.com
254090707739,appraisetest@mailinator.com
87629566882,lithiumtest@mailinator.com
853025096358,moanstest@mailinator.com
590755527547,seventeentest@mailinator.com
591912743697,unruliesttest@mailinator.com
410950404494,inappropriatetest@mailinator.com
341506832816,authoredtest@mailinator.com
894182760161,refinementtest@mailinator.com
602357500721,portholetest@mailinator.com
648288710144,wiliesttest@mailinator.com
775688884110,misadventuretest@mailinator.com
239560337823,herewithtest@mailinator.com
110888713042,trickytest@mailinator.com
586372621968,economiststest@mailinator.com
865794730719,riggingtest@mailinator.com
930234939466,lapsingtest@mailinator.com
417672388878,transienttest@mailinator.com
978858114589,vettedtest@mailinator.com
234208893691,weirdertest@mailinator.com
317138739598,rhinostest@mailinator.com
850320586102,dispossessedtest@mailinator.com
858964165101,prosecutionstest@mailinator.com
352266792313,rectanglestest@mailinator.com
657490608881,bleachedtest@mailinator.com
390810168648,laxestest@mailinator.com
796253527037,backedtest@mailinator.com
959461974678,indefinabletest@mailinator.com
225792949725,instinctstest@mailinator.com
711174840250,roestest@mailinator.com
672783337656,somebodiestest@mailinator.com
746198627153,pleadedtest@mailinator.com
549087002934,conservatorytest@mailinator.com
450142510425,miscellanytest@mailinator.com
589463837738,boggledtest@mailinator.com
175453482311,iratetest@mailinator.com
982204232676,slumstest@mailinator.com
935238261676,linerstest@mailinator.com
652812711310,silverwaretest@mailinator.com
186259986558,nailingtest@mailinator.com
891282503610,foe@emmailinator.com
990178881212,multiplicationstest@mailinator.com
640733627185,gunmentest@mailinator.com
245323919561,karatetest@mailinator.com
973906391900,covertstest@mailinator.com
362158771895,gullettest@mailinator.com
852413205463,sensualtest@mailinator.com
565969200339,gerbiltest@mailinator.com
321093269385,tiedtest@mailinator.com
311802791801,tinglestest@mailinator.com
807429663112,cleftest@mailinator.com
781585449385,headedtest@mailinator.com
611088174553,tracedtest@mailinator.com
497843386753,enslavestest@mailinator.com
651437449621,waxiertest@mailinator.com
757235181804,Dougtest@mailinator.com
