department11@mailinator.com,123456qwe,Jessica,Maldonado
bedlams22@mailinator.com,123456qwe,Dionne,Merrick
yes@mailinator.com,123456qwe,Julia,Birch
letterhead@mailinator.com,123456qwe,Mindy,Weaver
jacks@mailinator.com,123456qwe,Elizabeth,Kump
clutters@mailinator.com,123456qwe,Diane,Hudson
croaked@mailinator.com,123456qwe,Victoria,Estrada
clouted@mailinator.com,123456qwe,Kimberly,Zimmerman
satires@mailinator.com,123456qwe,Katherine,Masiello
snoops@mailinator.com,123456qwe,Fiona,Truman
paddocks@mailinator.com,123456qwe,Candace,Peiffer
appraise@mailinator.com,123456qwe,Elizabeth,Gomez
lithium@mailinator.com,123456qwe,Joanne,Krenz
moans@mailinator.com,123456qwe,Donna,Greene
seventeen@mailinator.com,123456qwe,Carole,Buchanan
unruliest@mailinator.com,123456qwe,Charline,Barnwell
inappropriate@mailinator.com,123456qwe,Elizabeth,Wright
authored@mailinator.com,123456qwe,Mary,Hulet
refinement@mailinator.com,123456qwe,Diana,Hoffman
porthole@mailinator.com,123456qwe,Bridget,Rebello
wiliest@mailinator.com,123456qwe,Gabriel,Burr
misadventure@mailinator.com,123456qwe,Cira,Wacker
herewith@mailinator.com,123456qwe,Marc,Hummell
tricky@mailinator.com,123456qwe,Lisa,Willis
economists@mailinator.com,123456qwe,Wanda,Burk
rigging@mailinator.com,123456qwe,Guillermo,Fishman
lapsing@mailinator.com,123456qwe,Stephanie,Rios
transient@mailinator.com,123456qwe,Theresa,Emery
vetted@mailinator.com,123456qwe,Penelope,Faria
weirder@mailinator.com,123456qwe,Wade,Dunn
rhinos@mailinator.com,123456qwe,Alvin,Morgan
dispossessed@mailinator.com,123456qwe,Victoria,Authement
prosecutions@mailinator.com,123456qwe,Emeline,Cumpston
rectangles@mailinator.com,123456qwe,Mabel,Walters
bleached@mailinator.com,123456qwe,Elizabeth,Ong
laxes@mailinator.com,123456qwe,Lean,Orr
backed@mailinator.com,123456qwe,Joanne,Ocheltree
indefinable@mailinator.com,123456qwe,Felicity,Hammaker
instincts@mailinator.com,123456qwe,Samantha,Alexandria
roes@mailinator.com,123456qwe,Brooke,Schiff
somebodies@mailinator.com,123456qwe,Alejandro,Loose
pleaded@mailinator.com,123456qwe,Sheri,Kelly
conservatory@mailinator.com,123456qwe,Kylie,Jones
miscellany@mailinator.com,123456qwe,Jim,Norton
boggled@mailinator.com,123456qwe,Audrey,Bulloch
irate@mailinator.com,123456qwe,Diana,Dawes
slums@mailinator.com,123456qwe,Karen,Parmentier
liners@mailinator.com,123456qwe,Grace,Rorick
silverware@mailinator.com,123456qwe,Sophie,Leonard
nailing@mailinator.com,123456qwe,Maya,Still
foe@emmailinator.com,123456qwe,Stanley,Vaillancourt
multiplications@mailinator.com,123456qwe,Summer,Melton
gunmen@mailinator.com,123456qwe,Nadene,Blair
karate@mailinator.com,123456qwe,Enoch,Degennaro
coverts@mailinator.com,123456qwe,Molly,Evans
gullet@mailinator.com,123456qwe,Molly,Roehrig
sensual@mailinator.com,123456qwe,Una,Boice
gerbil@admailinator.com,123456qwe,Bella,Oliver
tied@mailinator.com,123456qwe,Lorene,Condra
tingles@mailinator.com,123456qwe,Aaron,Hannaford
clef@mailinator.com,123456qwe,Victoria,Bishop
headed@mailinator.com,123456qwe,Milagros,Bono
traced@mailinator.com,123456qwe,Alison,Cummings
enslaves@mailinator.com,123456qwe,Zack,Merrick
waxier@whitemailinator.com,123456qwe,Viva,Bemis
Doug@bedrockmailinator.com,123456qwe,Darren,Shubert
